{"stats":{"minecraft:killed_by":{"born_in_chaos_v1:decrepit_skeleton":5,"minecraft:cave_spider":19,"minecraft:stray":20,"minecraft:creeper":1,"minecraft:spider":2,"minecraft:zombie":20,"born_in_chaos_v1:bone_imp_minion":3,"minecraft:vex":1},"minecraft:mined":{"minecraft:dark_oak_planks":9,"minecraft:light_gray_carpet":5,"minecraft:white_bed":3,"minecraft:dark_oak_log":12,"minecraft:potted_crimson_fungus":1,"minecraft:dark_oak_fence":4,"minecraft:grass_block":4,"minecraft:chest":1,"minecraft:tall_grass":1,"minecraft:spruce_leaves":3,"minecraft:rooted_dirt":1,"minecraft:hay_block":18,"minecraft:dark_oak_slab":6,"minecraft:blue_ice":1,"minecraft:ice":3,"minecraft:white_carpet":5,"minecraft:spruce_log":2,"minecraft:dark_oak_stairs":4,"minecraft:grass":1,"minecraft:coal_ore":1,"minecraft:gravel":20,"minecraft:sand":3,"minecraft:dirt":3,"minecraft:cobweb":1,"minecraft:stone":25},"minecraft:custom":{"minecraft:interact_with_furnace":1,"minecraft:mob_kills":30,"minecraft:interact_with_crafting_table":9,"minecraft:open_barrel":6,"minecraft:damage_dealt_resisted":3320,"minecraft:leave_game":3,"minecraft:time_since_death":4015,"minecraft:sleep_in_bed":5,"minecraft:time_since_rest":3724,"minecraft:sprint_one_cm":306954,"minecraft:damage_taken":19464,"minecraft:walk_one_cm":192349,"minecraft:damage_blocked_by_shield":1335,"minecraft:drop":4,"minecraft:damage_dealt":7499,"minecraft:swim_one_cm":15054,"minecraft:talked_to_villager":2,"minecraft:fly_one_cm":478327,"minecraft:open_chest":18,"minecraft:crouch_one_cm":13620,"minecraft:play_time":102739,"tombstone:undead_killed":20,"minecraft:deaths":71,"minecraft:sneak_time":4876,"minecraft:walk_under_water_one_cm":5877,"minecraft:jump":1682,"minecraft:interact_with_blast_furnace":1,"minecraft:walk_on_water_one_cm":4180,"minecraft:total_world_time":102739,"minecraft:fall_one_cm":29205},"minecraft:dropped":{"minecraft:bowl":1,"minecraft:white_carpet":1,"minecraft:filled_map":1,"tombstone:grave_key":1},"minecraft:picked_up":{"minecraft:flower_pot":1,"minecraft:salmon":1,"minecraft:crimson_fungus":1,"minecraft:flint":1,"tombstone:grave_key":1,"minecraft:shield":1,"minecraft:dirt":7,"minecraft:string":8,"minecraft:white_carpet":5,"minecraft:bone":9,"minecraft:iron_ingot":1,"minecraft:chest":1,"minecraft:dark_oak_stairs":4,"minecraft:book":4,"minecraft:dark_oak_slab":10,"born_in_chaos_v1:shattered_skull":1,"minecraft:gravel":18,"minecraft:sand":3,"tombstone:grave_dust":5,"minecraft:white_bed":3,"minecraft:spruce_log":2,"minecraft:dark_oak_log":12,"minecraft:spider_eye":1,"minecraft:dark_oak_planks":8,"minecraft:arrow":5,"minecraft:rotten_flesh":8,"minecraft:hay_block":18,"minecraft:rooted_dirt":1,"minecraft:light_gray_carpet":5,"minecraft:dark_oak_fence":4,"minecraft:mutton":4,"minecraft:coal":1,"minecraft:snowball":3,"minecraft:white_wool":3,"minecraft:cobblestone":25},"minecraft:killed":{"minecraft:cave_spider":3,"born_in_chaos_v1:bone_imp_minion":15,"born_in_chaos_v1:skeleton_thrasher_not_despawn":1,"born_in_chaos_v1:maggot":2,"minecraft:polar_bear":1,"minecraft:sheep":3,"minecraft:zombie":4},"minecraft:used":{"minecraft:dark_oak_stairs":4,"minecraft:flint_and_steel":1,"minecraft:light_gray_carpet":4,"minecraft:chest":1,"minecraft:shield":33,"minecraft:iron_sword":197,"minecraft:cooked_salmon":3,"minecraft:torch":2,"minecraft:dirt":7,"minecraft:white_carpet":4,"minecraft:tnt":1,"minecraft:crafting_table":2,"minecraft:white_bed":3,"minecraft:blue_ice":1,"minecraft:snowball":1,"minecraft:dark_oak_planks":48,"minecraft:dark_oak_log":1,"minecraft:rooted_dirt":1,"minecraft:iron_axe":45,"minecraft:bread":17,"minecraft:iron_pickaxe":34,"minecraft:dark_oak_slab":9,"tombstone:grave_key":3,"minecraft:gravel":18,"minecraft:cobblestone":25,"minecraft:cooked_cod":4,"minecraft:dark_oak_fence":4,"tombstone:gift":6,"minecraft:beetroot_soup":1},"minecraft:crafted":{"minecraft:crafting_table":2,"minecraft:spruce_planks":8,"minecraft:iron_sword":1,"minecraft:bread":56,"minecraft:flint_and_steel":1,"minecraft:iron_boots":1,"minecraft:iron_chestplate":1,"minecraft:iron_axe":1,"minecraft:stick":8,"minecraft:iron_ingot":1,"minecraft:iron_pickaxe":1,"minecraft:iron_leggings":1,"minecraft:dark_oak_planks":44,"minecraft:torch":4,"minecraft:wheat":162}},"DataVersion":3465}