{"stats":{"minecraft:mined":{"minecraft:light_gray_carpet":5,"minecraft:white_bed":3,"minecraft:dark_oak_log":1,"minecraft:grass_block":4,"minecraft:chest":1,"minecraft:tall_grass":1,"minecraft:spruce_leaves":3,"minecraft:rooted_dirt":1,"minecraft:hay_block":18,"minecraft:ice":3,"minecraft:blue_ice":1,"minecraft:white_carpet":5,"minecraft:spruce_log":2,"minecraft:coal_ore":1,"minecraft:gravel":1,"minecraft:sand":3,"minecraft:dirt":3,"minecraft:stone":25},"minecraft:custom":{"minecraft:interact_with_furnace":1,"minecraft:mob_kills":14,"minecraft:interact_with_crafting_table":8,"minecraft:open_barrel":6,"minecraft:damage_dealt_resisted":1868,"minecraft:leave_game":1,"minecraft:time_since_death":39270,"minecraft:sleep_in_bed":2,"minecraft:time_since_rest":8958,"minecraft:sprint_one_cm":118598,"minecraft:walk_one_cm":55961,"minecraft:damage_taken":731,"minecraft:damage_blocked_by_shield":375,"minecraft:drop":3,"minecraft:damage_dealt":2302,"minecraft:swim_one_cm":12171,"minecraft:talked_to_villager":2,"minecraft:fly_one_cm":283691,"minecraft:open_chest":14,"minecraft:crouch_one_cm":3201,"minecraft:play_time":39270,"tombstone:undead_killed":5,"minecraft:sneak_time":847,"minecraft:walk_under_water_one_cm":4837,"minecraft:jump":926,"minecraft:interact_with_blast_furnace":1,"minecraft:walk_on_water_one_cm":3953,"minecraft:total_world_time":39270,"minecraft:fall_one_cm":13122},"minecraft:dropped":{"minecraft:bowl":1,"minecraft:white_carpet":1,"minecraft:filled_map":1},"minecraft:picked_up":{"minecraft:salmon":1,"minecraft:shield":1,"minecraft:dirt":7,"minecraft:string":2,"minecraft:white_carpet":5,"minecraft:bone":5,"minecraft:iron_ingot":1,"minecraft:chest":1,"minecraft:book":4,"born_in_chaos_v1:shattered_skull":1,"minecraft:sand":3,"tombstone:grave_dust":3,"minecraft:white_bed":3,"minecraft:spruce_log":2,"minecraft:dark_oak_log":1,"minecraft:spider_eye":1,"minecraft:rotten_flesh":4,"minecraft:hay_block":18,"minecraft:rooted_dirt":1,"minecraft:light_gray_carpet":5,"minecraft:mutton":4,"minecraft:coal":1,"minecraft:white_wool":3,"minecraft:cobblestone":25},"minecraft:used":{"minecraft:light_gray_carpet":4,"minecraft:chest":1,"minecraft:shield":10,"minecraft:iron_sword":79,"minecraft:cooked_salmon":3,"minecraft:torch":2,"minecraft:dirt":7,"minecraft:white_carpet":4,"minecraft:crafting_table":2,"minecraft:white_bed":3,"minecraft:blue_ice":1,"minecraft:iron_axe":8,"minecraft:bread":7,"minecraft:rooted_dirt":1,"minecraft:iron_pickaxe":33,"minecraft:cobblestone":25,"minecraft:cooked_cod":4,"minecraft:beetroot_soup":1},"minecraft:killed":{"minecraft:cave_spider":3,"born_in_chaos_v1:skeleton_thrasher_not_despawn":1,"born_in_chaos_v1:maggot":2,"minecraft:polar_bear":1,"minecraft:sheep":3,"minecraft:zombie":4},"minecraft:crafted":{"minecraft:crafting_table":2,"minecraft:spruce_planks":8,"minecraft:iron_sword":1,"minecraft:bread":56,"minecraft:iron_chestplate":1,"minecraft:iron_boots":1,"minecraft:iron_axe":1,"minecraft:stick":8,"minecraft:iron_ingot":1,"minecraft:iron_pickaxe":1,"minecraft:iron_leggings":1,"minecraft:dark_oak_planks":4,"minecraft:torch":4,"minecraft:wheat":162}},"DataVersion":3465}