{"stats":{"minecraft:mined":{"minecraft:light_gray_carpet":5,"minecraft:white_bed":2,"minecraft:blue_ice":1,"minecraft:ice":3,"minecraft:spruce_log":2,"minecraft:white_carpet":5,"minecraft:grass_block":4,"minecraft:dirt":3,"minecraft:gravel":1,"minecraft:sand":3,"minecraft:spruce_leaves":3,"minecraft:stone":20,"minecraft:rooted_dirt":1},"minecraft:custom":{"minecraft:time_since_rest":9603,"minecraft:interact_with_furnace":1,"minecraft:sprint_one_cm":77560,"minecraft:damage_taken":220,"minecraft:walk_one_cm":24408,"minecraft:mob_kills":3,"minecraft:drop":2,"minecraft:damage_dealt":240,"minecraft:talked_to_villager":2,"minecraft:swim_one_cm":2064,"minecraft:interact_with_crafting_table":4,"minecraft:fly_one_cm":192660,"minecraft:open_chest":7,"minecraft:crouch_one_cm":596,"minecraft:play_time":27270,"minecraft:sneak_time":228,"minecraft:walk_under_water_one_cm":3925,"minecraft:jump":567,"minecraft:leave_game":1,"minecraft:interact_with_blast_furnace":1,"minecraft:time_since_death":27270,"minecraft:walk_on_water_one_cm":1209,"minecraft:sleep_in_bed":1,"minecraft:total_world_time":27270,"minecraft:fall_one_cm":9441},"minecraft:picked_up":{"minecraft:sand":3,"minecraft:white_bed":2,"minecraft:spruce_log":2,"minecraft:dirt":7,"minecraft:white_carpet":5,"minecraft:rooted_dirt":1,"minecraft:light_gray_carpet":5,"minecraft:mutton":4,"minecraft:white_wool":3,"minecraft:cobblestone":20},"minecraft:dropped":{"minecraft:filled_map":1,"minecraft:bowl":1},"minecraft:used":{"minecraft:rooted_dirt":1,"minecraft:bread":2,"minecraft:light_gray_carpet":4,"minecraft:iron_pickaxe":27,"minecraft:iron_sword":5,"minecraft:cooked_salmon":3,"minecraft:dirt":7,"minecraft:cobblestone":20,"minecraft:white_carpet":4,"minecraft:crafting_table":1,"minecraft:blue_ice":1,"minecraft:white_bed":1,"minecraft:beetroot_soup":1},"minecraft:killed":{"minecraft:sheep":3},"minecraft:crafted":{"minecraft:iron_boots":1,"minecraft:iron_chestplate":1,"minecraft:crafting_table":1,"minecraft:spruce_planks":8,"minecraft:stick":8,"minecraft:iron_ingot":1,"minecraft:iron_pickaxe":1,"minecraft:iron_sword":1,"minecraft:iron_leggings":1}},"DataVersion":3465}