{"stats":{"minecraft:mined":{"minecraft:light_gray_carpet":3,"minecraft:white_bed":1,"minecraft:white_carpet":3,"minecraft:spruce_leaves":3,"minecraft:blue_ice":1,"minecraft:spruce_log":2},"minecraft:custom":{"minecraft:time_since_rest":15270,"minecraft:open_chest":4,"minecraft:crouch_one_cm":440,"minecraft:sprint_one_cm":40136,"minecraft:interact_with_furnace":1,"minecraft:play_time":15270,"minecraft:walk_one_cm":14618,"minecraft:sneak_time":76,"minecraft:drop":1,"minecraft:jump":234,"minecraft:interact_with_blast_furnace":1,"minecraft:leave_game":1,"minecraft:time_since_death":15270,"minecraft:total_world_time":15270,"minecraft:interact_with_crafting_table":1,"minecraft:talked_to_villager":2,"minecraft:fall_one_cm":3785,"minecraft:fly_one_cm":87660},"minecraft:dropped":{"minecraft:bowl":1},"minecraft:picked_up":{"minecraft:white_carpet":3,"minecraft:white_bed":1,"minecraft:spruce_log":2,"minecraft:light_gray_carpet":3},"minecraft:used":{"minecraft:white_carpet":3,"minecraft:crafting_table":1,"minecraft:light_gray_carpet":3,"minecraft:blue_ice":1,"minecraft:beetroot_soup":1},"minecraft:crafted":{"minecraft:crafting_table":1,"minecraft:spruce_planks":8,"minecraft:stick":8,"minecraft:iron_pickaxe":1}},"DataVersion":3465}