{"stats":{"minecraft:killed_by":{"born_in_chaos_v1:baby_skeleton_minion":1,"born_in_chaos_v1:decrepit_skeleton":5,"minecraft:cave_spider":21,"minecraft:stray":23,"minecraft:creeper":1,"minecraft:spider":2,"minecraft:zombie":23,"born_in_chaos_v1:bone_imp_minion":3,"born_in_chaos_v1:bonescaller_not_despawn":1,"minecraft:vex":1},"minecraft:mined":{"minecraft:dark_oak_planks":25,"minecraft:light_gray_carpet":5,"minecraft:white_bed":3,"minecraft:potted_crimson_roots":1,"minecraft:dark_oak_log":12,"minecraft:potted_crimson_fungus":1,"minecraft:dark_oak_fence":5,"minecraft:grass_block":4,"minecraft:chest":4,"minecraft:tall_grass":3,"minecraft:spruce_leaves":3,"minecraft:rooted_dirt":1,"minecraft:hay_block":18,"minecraft:chain":2,"minecraft:dark_oak_slab":7,"minecraft:blue_ice":1,"minecraft:ice":3,"minecraft:white_carpet":5,"minecraft:spruce_log":2,"minecraft:dark_oak_stairs":4,"minecraft:grass":1,"minecraft:bookshelf":2,"minecraft:coal_ore":1,"minecraft:gravel":20,"minecraft:sand":3,"minecraft:dirt":3,"minecraft:cobweb":1,"minecraft:stone":25},"minecraft:broken":{"minecraft:shield":1,"minecraft:iron_sword":1,"minecraft:iron_helmet":1},"minecraft:custom":{"minecraft:interact_with_furnace":1,"minecraft:mob_kills":63,"minecraft:interact_with_crafting_table":12,"minecraft:open_barrel":6,"minecraft:damage_dealt_resisted":3776,"minecraft:leave_game":4,"minecraft:time_since_death":1246,"minecraft:sleep_in_bed":6,"minecraft:time_since_rest":1147,"minecraft:sprint_one_cm":350226,"minecraft:damage_taken":22574,"minecraft:walk_one_cm":244328,"minecraft:damage_blocked_by_shield":2130,"minecraft:drop":4,"minecraft:damage_dealt":12599,"minecraft:swim_one_cm":15054,"minecraft:talked_to_villager":2,"minecraft:fly_one_cm":502955,"minecraft:open_chest":38,"minecraft:crouch_one_cm":15539,"minecraft:play_time":119257,"tombstone:undead_killed":52,"minecraft:deaths":81,"minecraft:sneak_time":5371,"minecraft:walk_under_water_one_cm":5877,"minecraft:interact_with_brewingstand":1,"minecraft:jump":1856,"minecraft:interact_with_blast_furnace":1,"minecraft:walk_on_water_one_cm":4180,"minecraft:total_world_time":119257,"minecraft:fall_one_cm":30496},"minecraft:dropped":{"minecraft:bowl":1,"minecraft:white_carpet":1,"minecraft:filled_map":1,"tombstone:grave_key":1},"minecraft:picked_up":{"born_in_chaos_v1:monster_flesh":3,"born_in_chaos_v1:spiritual_dust":2,"minecraft:flower_pot":2,"born_in_chaos_v1:seedof_chaos":5,"minecraft:salmon":1,"tombstone:tablet_of_home":1,"minecraft:chain":2,"minecraft:crimson_fungus":1,"minecraft:flint":1,"tombstone:grave_key":1,"minecraft:shield":1,"minecraft:gunpowder":12,"minecraft:dirt":7,"minecraft:string":12,"minecraft:iron_axe":2,"minecraft:white_carpet":5,"minecraft:bone":26,"minecraft:iron_ingot":14,"tombstone:bag_of_seeds":1,"minecraft:chest":4,"minecraft:dark_oak_stairs":4,"minecraft:book":10,"minecraft:tipped_arrow":3,"minecraft:dark_oak_slab":11,"born_in_chaos_v1:shattered_skull":5,"minecraft:iron_horse_armor":1,"born_in_chaos_v1:orbofthe_summoner":1,"minecraft:gravel":18,"born_in_chaos_v1:pileof_dark_metal":2,"minecraft:sand":3,"born_in_chaos_v1:pieceofdarkmetal":7,"tombstone:grave_dust":10,"minecraft:white_bed":3,"minecraft:spruce_log":2,"minecraft:dark_oak_log":12,"minecraft:spider_eye":1,"minecraft:dark_oak_planks":23,"minecraft:arrow":21,"minecraft:rotten_flesh":12,"minecraft:hay_block":18,"minecraft:gold_ingot":16,"minecraft:emerald":28,"minecraft:crimson_roots":1,"minecraft:rooted_dirt":1,"tombstone:magic_scroll":1,"minecraft:light_gray_carpet":5,"minecraft:dark_oak_fence":5,"minecraft:mutton":4,"minecraft:coal":2,"minecraft:snowball":3,"minecraft:white_wool":3,"minecraft:cobblestone":25},"minecraft:killed":{"minecraft:cave_spider":3,"born_in_chaos_v1:bone_imp_minion":32,"born_in_chaos_v1:skeleton_thrasher_not_despawn":1,"born_in_chaos_v1:baby_skeleton_minion":5,"born_in_chaos_v1:maggot":2,"minecraft:polar_bear":1,"minecraft:sheep":3,"minecraft:zombie":6,"minecraft:stray":5,"born_in_chaos_v1:bonescaller_not_despawn":2,"born_in_chaos_v1:supreme_bonescaller_stage_2":1},"minecraft:used":{"minecraft:dark_oak_stairs":4,"minecraft:flint_and_steel":1,"minecraft:ender_pearl":1,"minecraft:light_gray_carpet":4,"minecraft:chest":2,"minecraft:shield":63,"minecraft:iron_sword":284,"minecraft:cooked_salmon":3,"minecraft:torch":2,"minecraft:dirt":7,"minecraft:white_carpet":4,"minecraft:tnt":1,"minecraft:crafting_table":3,"minecraft:white_bed":3,"minecraft:blue_ice":1,"minecraft:snowball":1,"minecraft:dark_oak_planks":49,"minecraft:apple":1,"minecraft:dark_oak_log":1,"minecraft:rooted_dirt":1,"minecraft:iron_axe":123,"minecraft:bread":26,"minecraft:iron_pickaxe":36,"minecraft:dark_oak_slab":10,"tombstone:grave_key":4,"minecraft:gravel":18,"minecraft:cobblestone":25,"minecraft:cooked_cod":4,"minecraft:dark_oak_fence":4,"tombstone:gift":7,"minecraft:beetroot_soup":1},"minecraft:crafted":{"minecraft:crafting_table":3,"minecraft:spruce_planks":8,"minecraft:iron_sword":2,"minecraft:bread":56,"minecraft:flint_and_steel":1,"minecraft:iron_boots":1,"minecraft:iron_chestplate":1,"minecraft:iron_axe":1,"tombstone:grave_key":4,"minecraft:stick":12,"minecraft:iron_ingot":1,"minecraft:iron_pickaxe":1,"minecraft:chest":1,"minecraft:iron_leggings":1,"minecraft:dark_oak_planks":44,"minecraft:torch":4,"minecraft:wheat":162}},"DataVersion":3465}