{"stats":{"minecraft:killed_by":{"born_in_chaos_v1:decrepit_skeleton":1,"minecraft:cave_spider":4,"minecraft:stray":2,"minecraft:zombie":5,"minecraft:vex":1},"minecraft:mined":{"minecraft:light_gray_carpet":5,"minecraft:white_bed":3,"minecraft:dark_oak_log":7,"minecraft:dark_oak_fence":4,"minecraft:grass_block":4,"minecraft:chest":1,"minecraft:tall_grass":1,"minecraft:spruce_leaves":3,"minecraft:rooted_dirt":1,"minecraft:hay_block":18,"minecraft:dark_oak_slab":4,"minecraft:ice":3,"minecraft:blue_ice":1,"minecraft:white_carpet":5,"minecraft:spruce_log":2,"minecraft:dark_oak_stairs":4,"minecraft:grass":1,"minecraft:coal_ore":1,"minecraft:gravel":20,"minecraft:sand":3,"minecraft:dirt":3,"minecraft:cobweb":1,"minecraft:stone":25},"minecraft:custom":{"minecraft:interact_with_furnace":1,"minecraft:mob_kills":14,"minecraft:interact_with_crafting_table":9,"minecraft:open_barrel":6,"minecraft:damage_dealt_resisted":1901,"minecraft:leave_game":1,"minecraft:time_since_death":506,"minecraft:sleep_in_bed":2,"minecraft:time_since_rest":1,"minecraft:sprint_one_cm":154358,"minecraft:walk_one_cm":94441,"minecraft:damage_taken":4109,"minecraft:damage_blocked_by_shield":405,"minecraft:drop":3,"minecraft:damage_dealt":2493,"minecraft:swim_one_cm":15054,"minecraft:talked_to_villager":2,"minecraft:fly_one_cm":323481,"minecraft:open_chest":16,"minecraft:crouch_one_cm":7129,"minecraft:play_time":51270,"tombstone:undead_killed":5,"minecraft:deaths":13,"minecraft:sneak_time":1980,"minecraft:walk_under_water_one_cm":5877,"minecraft:jump":1129,"minecraft:interact_with_blast_furnace":1,"minecraft:walk_on_water_one_cm":4180,"minecraft:total_world_time":51270,"minecraft:fall_one_cm":20067},"minecraft:dropped":{"minecraft:bowl":1,"minecraft:white_carpet":1,"minecraft:filled_map":1},"minecraft:picked_up":{"minecraft:salmon":1,"minecraft:flint":1,"minecraft:shield":1,"minecraft:dirt":7,"minecraft:string":3,"minecraft:white_carpet":5,"minecraft:bone":6,"minecraft:iron_ingot":1,"minecraft:chest":1,"minecraft:dark_oak_stairs":4,"minecraft:book":4,"minecraft:dark_oak_slab":8,"born_in_chaos_v1:shattered_skull":1,"minecraft:gravel":18,"minecraft:sand":3,"tombstone:grave_dust":3,"minecraft:white_bed":3,"minecraft:spruce_log":2,"minecraft:dark_oak_log":7,"minecraft:spider_eye":1,"minecraft:arrow":2,"minecraft:rotten_flesh":6,"minecraft:hay_block":18,"minecraft:rooted_dirt":1,"minecraft:light_gray_carpet":5,"minecraft:snowball":3,"minecraft:dark_oak_fence":4,"minecraft:mutton":4,"minecraft:coal":1,"minecraft:white_wool":3,"minecraft:cobblestone":25},"minecraft:killed":{"minecraft:cave_spider":3,"born_in_chaos_v1:skeleton_thrasher_not_despawn":1,"born_in_chaos_v1:maggot":2,"minecraft:polar_bear":1,"minecraft:sheep":3,"minecraft:zombie":4},"minecraft:used":{"minecraft:dark_oak_stairs":2,"minecraft:flint_and_steel":1,"minecraft:light_gray_carpet":4,"minecraft:chest":1,"minecraft:shield":11,"minecraft:iron_sword":83,"minecraft:cooked_salmon":3,"minecraft:torch":2,"minecraft:dirt":7,"minecraft:white_carpet":4,"minecraft:tnt":1,"minecraft:crafting_table":2,"minecraft:white_bed":3,"minecraft:blue_ice":1,"minecraft:dark_oak_planks":24,"minecraft:iron_axe":26,"minecraft:bread":8,"minecraft:rooted_dirt":1,"minecraft:iron_pickaxe":33,"minecraft:dark_oak_slab":8,"minecraft:gravel":18,"minecraft:cobblestone":25,"minecraft:dark_oak_fence":2,"minecraft:cooked_cod":4,"minecraft:beetroot_soup":1},"minecraft:crafted":{"minecraft:crafting_table":2,"minecraft:spruce_planks":8,"minecraft:iron_sword":1,"minecraft:bread":56,"minecraft:flint_and_steel":1,"minecraft:iron_chestplate":1,"minecraft:iron_boots":1,"minecraft:iron_axe":1,"minecraft:stick":8,"minecraft:iron_ingot":1,"minecraft:iron_pickaxe":1,"minecraft:iron_leggings":1,"minecraft:dark_oak_planks":28,"minecraft:torch":4,"minecraft:wheat":162}},"DataVersion":3465}